cluster,Recency_median,Frequency_median,Monetary_median,Monetary_mean,Count
1,150.0,3.0,2402295.67,2549378.0245072143,142425
2,156.0,1.0,778601.28,850299.100997918,246884
0,503.0,1.0,693017.08,831802.305007447,214179
