,count,mean,std,min,25%,50%,75%,max
quantity,1000000.0,2.99932,1.4144248082521635,1.0,2.0,3.0,4.0,5.0
unit_price_ngn,1000000.0,250331.58783588,144137.96740361134,1000.42,125334.87000000001,250244.19,375303.995,499999.96
total_amount_ngn,1000000.0,751174.9942754002,595179.8727757396,1001.12,274173.83,585398.77,1119118.08,2499993.45
discount_amount_ngn,1000000.0,11288.073969989999,25006.266836634222,0.0,0.0,0.0,6026.157499999999,149664.92
TotalAmount,1000000.0,751174.9942754002,595179.8727757396,1001.12,274173.83,585398.77,1119118.08,2499993.45
